min_water,max_water,median_water,mean_water,sd_water,min_water_trs,max_water_trs,median_water_trs,mean_water_trs,sd_water_trs
76.83,226.3,115.63499999999999,118.61438405797101,26.385234162331287,4.341595188879544,5.421861552639491,4.75043766055133,4.752574293051706,0.2142380617600014
